{
  "project_info": {
    "project_number": "45329502859",
    "project_id": "letscodetest",
    "storage_bucket": "letscodetest.appspot.com"
  },
  "client": [
    {
      "client_info": {
        "mobilesdk_app_id": "1:45329502859:android:78fcdd50c8d567f6dbba8e",
        "android_client_info": {
          "package_name": "com.example.letscodetest"
        }
      },
      "oauth_client": [
        {
          "client_id": "45329502859-msgh8khoj32ha8oo8birpm45fm29ui23.apps.googleusercontent.com",
          "client_type": 3
        }
      ],
      "api_key": [
        {
          "current_key": "AIzaSyAFnHdo3BTJymICTM1DfrZi0ZgZdTST7VI"
        }
      ],
      "services": {
        "appinvite_service": {
          "other_platform_oauth_client": [
            {
              "client_id": "45329502859-msgh8khoj32ha8oo8birpm45fm29ui23.apps.googleusercontent.com",
              "client_type": 3
            }
          ]
        }
      }
    }
  ],
  "configuration_version": "1"
}